method,count,mean_gap_percent,std_gap_percent,ci95_gap_percent
NN + 2opt,420,129.39347953523455,25.80295116285094,2.4677479883671394
NN,420,132.39430822056858,27.440690522874245,2.6243784445370477
TRM (insert+2opt),420,135.90676550965838,31.26355201766869,2.989990064077967
Random + 2opt,420,135.92134101198624,28.137079788986508,2.6909798654258017
TRM (insert only),420,181.91855049949953,57.66872940560645,5.515333888910494
Identity,420,260.73826784108445,94.25456072252754,9.014337203114964
