num_cities,mean_gap_trm_percent,mean_gap_nn_2opt_percent,mean_gap_trm_insert_only_percent
6,94.66696543066648,93.70505895091122,104.32262854613711
7,108.65073597711059,106.30164362546897,136.82467795123998
8,123.71129998366402,118.51950092274724,157.7504382957897
9,137.51946898402093,131.49152573546488,188.28576035149322
10,149.28931746314038,140.19716133923296,201.42302206131828
11,162.85633562250365,155.29143049223435,233.91174145002634
12,174.65323510650262,160.24803568058223,250.91158484049205
